Meme ID,url,title,Meme Page URL,MD5 Hash,File Size (In Bytes),Alternate Text,Display Name,Upper Text,Lower Text,downvotes,upvotes
10509464,http://webarchive.loc.gov/all/0/http://cdn.meme.am/instances/10509464.jpg,Spiderman Approves,http://memegenerator.net/instance/10509464,91eee1453f2b66b4b0d662476bf630d8,87868,seems legit,Spiderman Approves,seems,legit,194,675
12285257,http://webarchive.loc.gov/all/0/http://cdn.meme.am/instances/12285257.jpg,Alright Then Business Kid,http://memegenerator.net/instance/12285257,96a3aa60c0f3a5ffb027e8977f23b2cc,110242,Fret not I stayed at a Holiday Inn Express last night,Alright Then Business Kid,Fret not,I stayed at a Holiday Inn Express last night,201,722
20612245,http://webarchive.loc.gov/all/0/https://cdn.meme.am/instances/20612245.jpg,Archer,http://memegenerator.net/instance/20612245,1b84704851704a2dc366768a2210d659,125963,"hello airplanes? yeah, this is blimps. Yeah, you win.",Archer,"hello airplanes? yeah, this is blimps.","Yeah, you win.",619,334
20614628,http://webarchive.loc.gov/all/0/http://cdn.meme.am/instances/20614628.jpg,Futurama Fry,http://webarchive.loc.gov/all/0/http://memegenerator.net/instance/20614628,448f5d4a15f5c90ce4d64c75013c8e9a,161623,LEGS IN COVER. TOO HOT. LEGS OUT OF COVER. TOO cold. One leg out. Just right BUt Scared monster under the bed will eat me,Futurama Fry,LEGS IN COVER. TOO HOT. LEGS OUT OF COVER. TOO cold. One leg out. Just right,BUt Scared monster under the bed will eat me,739,952
24194267,http://webarchive.loc.gov/all/0/https://cdn.meme.am/instances/24194267.jpg,One Does Not Simply,http://memegenerator.net/instance/24194267,37feb180a0e7660e360ed94380b39f60,92866,one does not simply  put toothpaste back in the tube,One Does Not Simply,one does not simply ,put toothpaste back in the tube,381,360
10178734,http://webarchive.loc.gov/all/0/http://cdn.meme.am/instances/250x250/10178734.jpg,Insanity Wolf,http://webarchive.loc.gov/all/0/http://memegenerator.net/instance/10178734,fdad05d5c91696d4d5fe68c115b16a7c,57766,?????? ? ?????? ?????,Insanity Wolf,?????? ? ??????,?????,442,617
10178750,http://webarchive.loc.gov/all/0/http://cdn.meme.am/instances/250x250/10178750.jpg,Butthurt Dweller,http://webarchive.loc.gov/all/0/http://memegenerator.net/instance/10178750,9ae20e047c331353f6325e948061a2eb,41179,??????????? ???,Butthurt Dweller,??????????? ???,-,166,214
10178758,http://webarchive.loc.gov/all/0/http://cdn.meme.am/instances/250x250/10178758.jpg,Philosoraptor,http://webarchive.loc.gov/all/0/http://memegenerator.net/instance/10178758,b7571984ac1c907c95a6a7764d32c91c,51129,???? ????   ???? ?? ?????? ? ???? ??? wonk,Philosoraptor,???? ???? - ????,?? ?????? ? ???? ??? wonk,775,838
10178763,http://webarchive.loc.gov/all/0/http://cdn.meme.am/instances/250x250/10178763.jpg,Butthurt Dweller,http://webarchive.loc.gov/all/0/http://memegenerator.net/instance/10178763,1defec0ce1807309bbd60a07aaaeaaef,47349,??????????? ??? ?? ?? ?? ??????,Butthurt Dweller,??????????? ???,?? ?? ?? ??????,128,974
10178766,http://webarchive.loc.gov/all/0/http://cdn.meme.am/instances/250x250/10178766.jpg,Foul Bachelor Frog,http://webarchive.loc.gov/all/0/http://memegenerator.net/instance/10178766,8dcd041f2651f8dc632bf45496358510,45515,usar mal este meme que de todas maneras lo suban a HD,Foul Bachelor Frog,usar mal este meme,que de todas maneras lo suban a HD,204,497
10178770,http://webarchive.loc.gov/all/0/http://cdn.meme.am/instances/250x250/10178770.jpg,Philosoraptor,http://webarchive.loc.gov/all/0/http://memegenerator.net/instance/10178770,b7571984ac1c907c95a6a7764d32c91c,51129,???? ????   ???? ?? ?????? ? ???? ??? wonk,Philosoraptor,???? ???? - ????,?? ?????? ? ???? ??? wonk,344,573
10178776,http://webarchive.loc.gov/all/0/http://cdn.meme.am/instances/250x250/10178776.jpg,Foul Bachelor Frog,http://webarchive.loc.gov/all/0/http://memegenerator.net/instance/10178776,e483c62a39a36df52d2f7b01a05902db,50914,tirarte una vieja rica hacerte el hueon cuando te saluda años mas tarde y es una momia,Foul Bachelor Frog,tirarte una vieja rica,hacerte el hueon cuando te saluda años mas tarde y es una momia,568,737
10178785,http://webarchive.loc.gov/all/0/http://cdn.meme.am/instances/250x250/10178785.jpg,Foul Bachelor Frog,http://webarchive.loc.gov/all/0/http://memegenerator.net/instance/10178785,0624d08f98d98512497d2f78d7193ca7,38465,chuparsela al mafiux ser staff aoe,Foul Bachelor Frog,chuparsela al mafiux,ser staff aoe,315,851
10178788,http://webarchive.loc.gov/all/0/http://cdn.meme.am/instances/250x250/10178788.jpg,Philosoraptor,http://webarchive.loc.gov/all/0/http://memegenerator.net/instance/10178788,b7571984ac1c907c95a6a7764d32c91c,51129,???? ????   ???? ?? ?????? ? ???? ??? wonk,Philosoraptor,???? ???? - ????,?? ?????? ? ???? ??? wonk,80,865
10178798,http://webarchive.loc.gov/all/0/http://cdn.meme.am/instances/250x250/10178798.jpg,Chemistry Cat,http://webarchive.loc.gov/all/0/http://memegenerator.net/instance/10178798,17b9be4b04462ce75172194f206733d3,63816,? ???? ? ???!? ??? ??? ??????,Chemistry Cat,? ????,? ???!? ??? ??? ??????,12,87
10178837,http://webarchive.loc.gov/all/0/http://cdn.meme.am/instances/250x250/10178837.jpg,Foul Bachelor Frog,http://webarchive.loc.gov/all/0/http://memegenerator.net/instance/10178837,888bcf9bf573ea27eae27ed79047639b,50817,tirarte una vieja rica hacerte el hueon cuando te saluda años mas y es una momia,Foul Bachelor Frog,tirarte una vieja rica,hacerte el hueon cuando te saluda años mas y es una momia,39,126
10178888,http://webarchive.loc.gov/all/0/http://cdn.meme.am/instances/250x250/10178888.jpg,Joseph Ducreux,http://webarchive.loc.gov/all/0/http://memegenerator.net/instance/10178888,4137e79d89538305ab20e23a7b3c059f,62006,ha llegado la hora de la boludez!,Joseph Ducreux,ha llegado,la hora de la boludez!,752,831
10178897,http://webarchive.loc.gov/all/0/http://cdn.meme.am/instances/250x250/10178897.jpg,first world problems,http://webarchive.loc.gov/all/0/http://memegenerator.net/instance/10178897,9cd2d8a59ebfd8e5a204158a73550e45,30053,mONOO MONOO... MONOO MONIITOO?,First World Problems,mONOO MONOO...,MONOO MONIITOO?,810,123
10178908,http://webarchive.loc.gov/all/0/http://cdn.meme.am/instances/250x250/10178908.jpg,first world problems,http://webarchive.loc.gov/all/0/http://memegenerator.net/instance/10178908,8ac1b6ce9ac29be38f3974a31c7bd8ab,29519,MONOOOO MONOOO MONITOO ME HACES TAN FELIS ...,First World Problems,MONOOOO MONOOO MONITOO,ME HACES TAN FELIS ...,97,389
10178914,http://webarchive.loc.gov/all/0/http://cdn.meme.am/instances/250x250/10178914.jpg,Success Kid,http://webarchive.loc.gov/all/0/http://memegenerator.net/instance/10178914,ebdfb99459adc5060028294ae69909d0,33222,????? ?????? ?????? ???? ? ??? ??????,Success Kid,????? ?????? ?????? ????,? ??? ??????,295,461
10178947,http://webarchive.loc.gov/all/0/http://cdn.meme.am/instances/250x250/10178947.jpg,Y U No,http://webarchive.loc.gov/all/0/http://memegenerator.net/instance/10178947,cf988635c8ea197205506a19e380bbf1,35603,"?????????? ??, ?? ??????",Y U No,??????????,"??, ?? ??????",652,990
10178965,http://webarchive.loc.gov/all/0/http://cdn.meme.am/instances/250x250/10178965.jpg,Anxiety Cat,http://webarchive.loc.gov/all/0/http://memegenerator.net/instance/10178965,8f74706809def1cc0c6818cfe2c1de8f,49292,?  ?????? ?? ????? ????? 1488 ?????!,Anxiety Cat,?  ?????? ?? ?????,????? 1488 ?????!,734,643
10178967,http://webarchive.loc.gov/all/0/http://cdn.meme.am/instances/250x250/10178967.jpg,Socially Awkward Penguin,http://webarchive.loc.gov/all/0/http://memegenerator.net/instance/10178967,0b7389a2a46490fd51fddd0aa8af8aab,36373,??????? ? ????? ???????????? ??????,Socially Awkward Penguin,??????? ? ?????,???????????? ??????,598,48
10178983,http://webarchive.loc.gov/all/0/http://cdn.meme.am/instances/250x250/10178983.jpg,Foul Bachelor Frog,http://webarchive.loc.gov/all/0/http://memegenerator.net/instance/10178983,0e60b338b138292ac9e0d71d3aa48d54,52019,ir a comer a otra casa... cagar sin tener ganas en tu casa para no cagar alla,Foul Bachelor Frog,ir a comer a otra casa...,cagar sin tener ganas en tu casa para no cagar alla,47,368
10178994,http://webarchive.loc.gov/all/0/http://cdn.meme.am/instances/250x250/10178994.jpg,Futurama Fry,http://webarchive.loc.gov/all/0/http://memegenerator.net/instance/10178994,0ee0e0171c43ebdf007d9d608efc2bfd,43367,?? ?? ?????? ?????? ????????..,Futurama Fry,??,?? ?????? ?????? ????????..,177,385
10178995,http://webarchive.loc.gov/all/0/http://cdn.meme.am/instances/250x250/10178995.jpg,Yo Dawg,http://webarchive.loc.gov/all/0/http://memegenerator.net/instance/10178995,dd2c0b14af7142b200e08855a481aa04,46592,???????? keep achillin'!,Yo Dawg,????????,keep achillin'!,1000,664
10179010,http://webarchive.loc.gov/all/0/http://cdn.meme.am/instances/250x250/10179010.jpg,Foul Bachelor Frog,http://webarchive.loc.gov/all/0/http://memegenerator.net/instance/10179010,0e60b338b138292ac9e0d71d3aa48d54,52019,ir a comer a otra casa... cagar sin tener ganas en tu casa para no cagar alla,Foul Bachelor Frog,ir a comer a otra casa...,cagar sin tener ganas en tu casa para no cagar alla,668,463
10179019,http://webarchive.loc.gov/all/0/http://cdn.meme.am/instances/250x250/10179019.jpg,Futurama Fry,http://webarchive.loc.gov/all/0/http://memegenerator.net/instance/10179019,3f5c29a98fb3edcba45e23ce6483f748,49240,????? ?????????????? ?? ???? ? ???????!,Futurama Fry,????? ??????????????,?? ???? ? ???????!,922,967
10179023,http://webarchive.loc.gov/all/0/http://cdn.meme.am/instances/250x250/10179023.jpg,Philosoraptor,http://webarchive.loc.gov/all/0/http://memegenerator.net/instance/10179023,3852001966206a45e2ae0d75c7e251bc,49729,??????? ?????? ????? ?? ????? ??????? ??? ????????,Philosoraptor,??????? ??????,????? ?? ????? ??????? ??? ????????,883,708
10179030,http://webarchive.loc.gov/all/0/http://cdn.meme.am/instances/250x250/10179030.jpg,Venger,http://webarchive.loc.gov/all/0/http://memegenerator.net/instance/10179030,0330255813d0a4a5c897b6a4f22d9e1f,43184,?????? ????????? ????? ?? ??? ?? ?????,Venger,?????? ????????? ????? ?? ??? ?? ?????,-,200,954
10179034,http://webarchive.loc.gov/all/0/http://cdn.meme.am/instances/250x250/10179034.jpg,roleplayercat,http://webarchive.loc.gov/all/0/http://memegenerator.net/instance/10179034,d1de665eed499117aadb0576a2d22d61,36544,"??????,???????? ? ???! ? ???????",roleplayercat,"??????,???????? ? ???!",? ???????,733,470
10179067,http://webarchive.loc.gov/all/0/http://cdn.meme.am/instances/250x250/10179067.jpg,Philosoraptor,http://webarchive.loc.gov/all/0/http://memegenerator.net/instance/10179067,fb110987b0eaa9326332f9a8eb1206d0,51452,???? ?? ???? ?? ?????? ?????? ????? ?? ???????????,Philosoraptor,???? ?? ????-?? ??????,?????? ????? ?? ???????????,230,424
10179070,http://webarchive.loc.gov/all/0/https://cdn.meme.am/instances/250x250/10179070.jpg,Science Major Mouse,http://webarchive.loc.gov/all/0/http://memegenerator.net/instance/10179070,a5c72adbd7c16d5e1c62de2bd2bd7db9,41644,Science major Whats an elective?,Science Major Mouse,Science major,Whats an elective?,168,163
10179086,http://webarchive.loc.gov/all/0/http://cdn.meme.am/instances/250x250/10179086.jpg,Yo Dawg,http://webarchive.loc.gov/all/0/http://memegenerator.net/instance/10179086,8589ecbbc3bf091f7879c45ecf61b2be,47108,"???, ??????? ?? ????? ?????",Yo Dawg,"???, ??????? ?? ?????",?????,234,262
10179093,http://webarchive.loc.gov/all/0/http://cdn.meme.am/instances/250x250/10179093.jpg,Never Alone Guy,http://webarchive.loc.gov/all/0/http://memegenerator.net/instance/10179093,54fee6e9aea6721aa2f9c89ea8c34768,42532,? ???? ?????????  ??? ???? ???,Never Alone Guy,? ???? ????????? ,??? ???? ???,329,889
10179099,http://webarchive.loc.gov/all/0/http://cdn.meme.am/instances/250x250/10179099.jpg,Insanity Wolf,http://webarchive.loc.gov/all/0/http://memegenerator.net/instance/10179099,090604cb6c97acffb1f2e2ee98d81771,58022,MONO! LOBO CTM LOBOO!,Insanity Wolf,MONO!,LOBO CTM LOBOO!,557,511
10179119,http://webarchive.loc.gov/all/0/http://cdn.meme.am/instances/250x250/10179119.jpg,Y U No,http://webarchive.loc.gov/all/0/http://memegenerator.net/instance/10179119,3f27e70c33f4a41b15656aed2cd10091,24860,Asno,Y U No,Asno,-,924,763
10179127,http://webarchive.loc.gov/all/0/https://cdn.meme.am/instances/250x250/10179127.jpg,Foul Bachelor Frog,http://webarchive.loc.gov/all/0/http://memegenerator.net/instance/10179127,eb07ab9f03b610ed0a8cfd5df6905eca,38076,mano en mouse mano en  bolas,Foul Bachelor Frog,mano en mouse,mano en  bolas,415,159
10179132,http://webarchive.loc.gov/all/0/http://cdn.meme.am/instances/250x250/10179132.jpg,Business Cat,http://webarchive.loc.gov/all/0/http://memegenerator.net/instance/10179132,1b87edfdffe7ec797d25df6c85eb3626,53566,?? ?? ???? ????????? 1488 ?????? ? ??? ??? ????? ????? ?? ????? ??????,Business Cat,?? ?? ???? ????????? 1488 ??????,? ??? ??? ????? ????? ?? ????? ??????,964,651
10179134,http://webarchive.loc.gov/all/0/http://cdn.meme.am/instances/250x250/10179134.jpg,Socially Awkward Penguin,http://webarchive.loc.gov/all/0/http://memegenerator.net/instance/10179134,384b9fb4e1592dcdfca31a5b5a21cbe3,34421,???????.??????.??????? ???????.???????.??????,Socially Awkward Penguin,???????.??????.???????,???????.???????.??????,172,28
10179175,http://webarchive.loc.gov/all/0/http://cdn.meme.am/instances/250x250/10179175.jpg,Insanity Wolf,http://webarchive.loc.gov/all/0/http://memegenerator.net/instance/10179175,fb250d95f56f492ad9b8b817895993c3,62203,tus amigos se vuelven wachiturros hacerles bullyng hasta que se depriman y se maten,Insanity Wolf,tus amigos se vuelven wachiturros,hacerles bullyng hasta que se depriman y se maten,582,93
10179201,http://webarchive.loc.gov/all/0/http://cdn.meme.am/instances/250x250/10179201.jpg,Futurama Fry,http://webarchive.loc.gov/all/0/http://memegenerator.net/instance/10179201,b4f7658edaf58315d3add5f223ecedb8,46629,????????? ?? ????????,Futurama Fry,?????????,?? ????????,473,19
10179216,http://webarchive.loc.gov/all/0/https://cdn.meme.am/instances/250x250/10179216.jpg,Tennisyst,http://webarchive.loc.gov/all/0/http://memegenerator.net/instance/10179216,c85c01621ad8a3af272140164ebbad8e,39049,????????? ??????? ??? ???? ???????,Tennisyst,????????? ???????,??? ???? ???????,57,818
10179222,http://webarchive.loc.gov/all/0/http://cdn.meme.am/instances/250x250/10179222.jpg,Insanity Wolf,http://webarchive.loc.gov/all/0/http://memegenerator.net/instance/10179222,b8151327055b2399d2d9ba4a04d3e2d7,57414,????? ?? ?????!,Insanity Wolf,?????,?? ?????!,190,162
10179224,http://webarchive.loc.gov/all/0/http://cdn.meme.am/instances/250x250/10179224.jpg,Y U No,http://webarchive.loc.gov/all/0/http://memegenerator.net/instance/10179224,3d19c2cb02b0b680a904547e2e4ac1e6,36239,?????? ?????? ???? ?? ?????? ? ????? ? ?????? ????????,Y U No,??????,?????? ???? ?? ?????? ? ????? ? ?????? ????????,320,407
10179243,http://webarchive.loc.gov/all/0/http://cdn.meme.am/instances/250x250/10179243.jpg,Y U No,http://webarchive.loc.gov/all/0/http://memegenerator.net/instance/10179243,d86c78ca5f252c49e96f62083ddcd37c,33412,??????  ??? ????? ??????????? ??????? ????????,Y U No,?????? ,??? ????? ??????????? ??????? ????????,383,470
10179277,http://webarchive.loc.gov/all/0/http://cdn.meme.am/instances/250x250/10179277.jpg,Joseph Ducreux,http://webarchive.loc.gov/all/0/http://memegenerator.net/instance/10179277,90bdcb681588e446fffa1b188ea91f28,66583,"Juan y te chupo el orto fueron a robar un auto, a juan lo mataron quien kedo? te chupo el orto arre malisimo",Joseph Ducreux,"Juan y te chupo el orto fueron a robar un auto, a juan lo mataron quien kedo?",te chupo el orto arre malisimo,207,646
10179279,http://webarchive.loc.gov/all/0/http://cdn.meme.am/instances/250x250/10179279.jpg,Y U No,http://webarchive.loc.gov/all/0/http://memegenerator.net/instance/10179279,998ab02f1c29bde728250b555ebac690,32529,??????  ? ?????? ???????????,Y U No,?????? ,? ?????? ???????????,566,393
10179289,http://webarchive.loc.gov/all/0/http://cdn.meme.am/instances/250x250/10179289.jpg,Y U No,http://webarchive.loc.gov/all/0/http://memegenerator.net/instance/10179289,56fe05a9cf4a9cbd58a46369253b972f,42632,?? ??? ?????? ????????? ? ??? ???? ????????? ???? ?????? ?? ???? ?? ?????????,Y U No,?? ??? ??????,????????? ? ??? ???? ????????? ???? ?????? ?? ???? ?? ????????? ,163,483
10179292,http://webarchive.loc.gov/all/0/http://cdn.meme.am/instances/250x250/10179292.jpg,Annoying Facebook Girl,http://webarchive.loc.gov/all/0/http://memegenerator.net/instance/10179292,5ca5f20593804146ed0f2a35ecfa3c91,42519,"?? ??? ???? ????? ?? ??,?????????????",Annoying Facebook Girl,?? ??? ???? ?????,"?? ??,?????????????",520,349
10179303,http://webarchive.loc.gov/all/0/http://cdn.meme.am/instances/250x250/10179303.jpg,Annoying Facebook Girl,http://webarchive.loc.gov/all/0/http://memegenerator.net/instance/10179303,5ca5f20593804146ed0f2a35ecfa3c91,42519,"?? ??? ???? ????? ?? ??,?????????????",Annoying Facebook Girl,?? ??? ???? ?????,"?? ??,?????????????",449,708
10179322,http://webarchive.loc.gov/all/0/http://cdn.meme.am/instances/250x250/10179322.jpg,Insanity Wolf,http://webarchive.loc.gov/all/0/http://memegenerator.net/instance/10179322,ae262cdc0cde42e6d29fdcd76f232c76,60160,3 cartas en la mano?! mulligan!!!,Insanity Wolf,3 cartas en la mano?!,mulligan!!!,450,366
10179347,http://webarchive.loc.gov/all/0/http://cdn.meme.am/instances/250x250/10179347.jpg,Fat Girl,http://webarchive.loc.gov/all/0/http://memegenerator.net/instance/10179347,23c8b2477073889986a3c97fd15cd41d,42041,? ????????? ???? ???? ??? ???????,Fat Girl,? ?????????,???? ???? ??? ???????,539,667
10179360,http://webarchive.loc.gov/all/0/http://cdn.meme.am/instances/250x250/10179360.jpg,Business Cat,http://webarchive.loc.gov/all/0/http://memegenerator.net/instance/10179360,15d3c49a0257cd9bc086b0ab611e017a,50485,"Y asi fue como perdimos  la liga, la champions, y la supercopa",Business Cat,Y asi fue como perdimos ,"la liga, la champions, y la supercopa",297,243
10179404,http://webarchive.loc.gov/all/0/http://cdn.meme.am/instances/250x250/10179404.jpg,Annoying Facebook Girl,http://webarchive.loc.gov/all/0/http://memegenerator.net/instance/10179404,583e510050bfad798020b3c37b765de2,40934,??????.   ?????? ??? ???????? ??? ?? ????????????,Annoying Facebook Girl,??????. - ?????? ??? ????????,???-?? ????????????,891,111
10179414,http://webarchive.loc.gov/all/0/http://cdn.meme.am/instances/250x250/10179414.jpg,Joseph Ducreux,http://webarchive.loc.gov/all/0/http://memegenerator.net/instance/10179414,ba76822fd73619ef5a8defdbd801f6fa,56784,????????,Joseph Ducreux,????????,-,318,545
10179437,http://webarchive.loc.gov/all/0/http://cdn.meme.am/instances/250x250/10179437.jpg,Insanity Wolf,http://webarchive.loc.gov/all/0/http://memegenerator.net/instance/10179437,4d9eb8447da17240f70276fc1ebea7df,61906,tu vecino escucha reggaeton? Rompele la radio en la cara y quemale la casa,Insanity Wolf,tu vecino escucha reggaeton?,Rompele la radio en la cara y quemale la casa,114,710
10179440,http://webarchive.loc.gov/all/0/http://cdn.meme.am/instances/250x250/10179440.jpg,Y U No,http://webarchive.loc.gov/all/0/http://memegenerator.net/instance/10179440,b29eb3d8ff3d35f360cb2a6469054f5a,40651,"???????????? ?? ?????? ??? ???????, ??? ?   ????????!",Y U No,????????????,"?? ?????? ??? ???????, ??? ? - ????????!",78,35
10179445,http://webarchive.loc.gov/all/0/http://cdn.meme.am/instances/250x250/10179445.jpg,Insanity Wolf,http://webarchive.loc.gov/all/0/http://memegenerator.net/instance/10179445,34de3dccfbe0138bb2aea82104a0ef4b,61376,tu oponente usa mazo elfo verde? lightning bolt hasta que muera!,Insanity Wolf,tu oponente usa mazo elfo verde?,lightning bolt hasta que muera!,396,130
10179446,http://webarchive.loc.gov/all/0/http://cdn.meme.am/instances/250x250/10179446.jpg,Y U No,http://webarchive.loc.gov/all/0/http://memegenerator.net/instance/10179446,e6c4da345f6344211de2f9ff5e344633,41481,"???????????? ?? ?????? ??? ???????, ??? ?   ????????!",Y U No,????????????,"?? ?????? ??? ???????, ??? ? - ????????!",455,424
10179488,http://webarchive.loc.gov/all/0/http://cdn.meme.am/instances/250x250/10179488.jpg,Russian Boozer,http://webarchive.loc.gov/all/0/http://memegenerator.net/instance/10179488,edd710a675d4504421a70eb137474927,90779,"?? ?????? ? ????? ??? ????? ? ????? ??????? ??????  ?, ?, ? ????? ??????? ? ?????? ? ???? ? ??????: «?? ???? ????!!!»",Russian Boozer,?? ?????? ? ????? ??? ????? ? ????? ??????? ??????," ?, ?, ? ????? ??????? ? ?????? ? ???? ? ??????: «?? ???? ????!!!»",411,881
10179507,http://webarchive.loc.gov/all/0/http://cdn.meme.am/instances/250x250/10179507.jpg,Y U No,http://webarchive.loc.gov/all/0/http://memegenerator.net/instance/10179507,82d29d5f1354f79ee3a0aa386792b3ab,31429,?? ?????? ???? ???????? ? ????? ?????,Y U No,?? ?????? ???? ???????? ? ????? ?????,-,805,761
10179520,http://webarchive.loc.gov/all/0/http://cdn.meme.am/instances/250x250/10179520.jpg,Y U No,http://webarchive.loc.gov/all/0/http://memegenerator.net/instance/10179520,90ed09adfd1bf7344d18ce4dca98bda5,32676,?? ?????? ? ???? ??????? ????????!,Y U No,?? ?????? ? ???? ??????? ????????!,-,418,667
10179524,http://webarchive.loc.gov/all/0/http://cdn.meme.am/instances/250x250/10179524.jpg,Kenita,http://webarchive.loc.gov/all/0/http://memegenerator.net/instance/10179524,aee6c63b926b41fdd9dfe6d4f4e9f85a,67052,agencia elmo supe que se van a titular,Kenita ,agencia elmo,supe que se van a titular,972,167
10179527,http://webarchive.loc.gov/all/0/http://cdn.meme.am/instances/250x250/10179527.jpg,Socially Awkward Penguin,http://webarchive.loc.gov/all/0/http://memegenerator.net/instance/10179527,fce8f4edcf5dd9979d3004fe5f872188,49124,mira esta es la pagina hd es wena ir mostrando y salen puros picos y hueas fletas y se alejan de ti,Socially Awkward Penguin,mira esta es la pagina hd es wena,ir mostrando y salen puros picos y hueas fletas y se alejan de ti ,413,624
10179528,http://webarchive.loc.gov/all/0/http://cdn.meme.am/instances/250x250/10179528.jpg,sunny_student,http://webarchive.loc.gov/all/0/http://memegenerator.net/instance/10179528,dbeffcbd9a42ac3173fc88c7d4939a74,46183,????? ????? ???????? ?? ??? ????????,sunny_student,????? ????? ????????,?? ??? ????????,547,428
10179537,http://webarchive.loc.gov/all/0/http://cdn.meme.am/instances/250x250/10179537.jpg,Y U No,http://webarchive.loc.gov/all/0/http://memegenerator.net/instance/10179537,ee90f270cf93f999ecfffe0eaa63c072,31452,?? ?????? ?? ????? ??????!,Y U No,?? ?????? ?? ????? ??????!,-,404,183
10179542,http://webarchive.loc.gov/all/0/http://cdn.meme.am/instances/250x250/10179542.jpg,Advice Hitler,http://webarchive.loc.gov/all/0/http://memegenerator.net/instance/10179542,a7e09220d644cb150f8182bc3764a454,38012,14/88 ???????? ?????? ? ????? ???????,Advice Hitler,14/88,???????? ?????? ? ????? ???????,817,170
10179547,http://webarchive.loc.gov/all/0/http://cdn.meme.am/instances/250x250/10179547.jpg,Y U No,http://webarchive.loc.gov/all/0/http://memegenerator.net/instance/10179547,d5c4686c529688865cd75626bb054c39,31401,?? ?????? ????? ??? ?????!,Y U No,?? ?????? ????? ??? ?????!,-,976,301
10179556,http://webarchive.loc.gov/all/0/http://cdn.meme.am/instances/250x250/10179556.jpg,Wrong Lyrics Christina Aguilera,http://memegenerator.net/instance/10179556,a5402f04d0cb8f419ec338088a084a80,44966,WE FOUND LOVE  IN A HORCRUX place,Wrong Lyrics Christina Aguilera,WE FOUND LOVE ,IN A HORCRUX place,965,935
10179566,http://webarchive.loc.gov/all/0/http://cdn.meme.am/instances/250x250/10179566.jpg,Joseph Ducreux,http://webarchive.loc.gov/all/0/http://memegenerator.net/instance/10179566,da874cf6285fff7779a0f6abedfc11ca,57812,??? ? ?????????! ??????!!!!!!,Joseph Ducreux,??? ? ?????????! ??????!!!!!!,-,798,431
10179569,http://webarchive.loc.gov/all/0/http://cdn.meme.am/instances/250x250/10179569.jpg,Joseph Ducreux,http://webarchive.loc.gov/all/0/http://memegenerator.net/instance/10179569,da874cf6285fff7779a0f6abedfc11ca,57812,??? ? ?????????! ??????!!!!!!,Joseph Ducreux,??? ? ?????????! ??????!!!!!!,-,607,499
10179572,http://webarchive.loc.gov/all/0/http://cdn.meme.am/instances/250x250/10179572.jpg,Joseph Ducreux,http://webarchive.loc.gov/all/0/http://memegenerator.net/instance/10179572,da874cf6285fff7779a0f6abedfc11ca,57812,??? ? ?????????! ??????!!!!!!,Joseph Ducreux,??? ? ?????????! ??????!!!!!!,-,969,869
10179584,http://webarchive.loc.gov/all/0/http://cdn.meme.am/instances/250x250/10179584.jpg,Butthurt Dweller,http://webarchive.loc.gov/all/0/http://memegenerator.net/instance/10179584,db4feec3d80158287ff67aabafbfd76a,41332,? ???? ???????,Butthurt Dweller,? ???? ???????,-,830,594
10179597,http://webarchive.loc.gov/all/0/http://cdn.meme.am/instances/250x250/10179597.jpg,Good Guy Greg,http://webarchive.loc.gov/all/0/http://memegenerator.net/instance/10179597,7a584f83fb02c4cc7a04ae563232a97d,50886,????? ????? ????!,Good Guy Greg,?????,????? ????!,906,900
10179603,http://webarchive.loc.gov/all/0/http://cdn.meme.am/instances/250x250/10179603.jpg,Good Guy Greg,http://webarchive.loc.gov/all/0/http://memegenerator.net/instance/10179603,df86155c0e428239885df45dcee5dae1,53982,?????? ? ?????? ???? ? ?????,Good Guy Greg,??????,? ?????? ???? ? ?????,659,931
10179615,http://webarchive.loc.gov/all/0/http://cdn.meme.am/instances/250x250/10179615.jpg,Professor Oak,http://memegenerator.net/instance/10179615,da98fd1c78ddb30d54f81d6dcdceeaa1,59405,"Eres un paquete, deja el gEARS Y JUEGA A pokemon",Professor Oak,"Eres un paquete, deja el gEARS",Y JUEGA A pokemon,838,197
10179664,http://webarchive.loc.gov/all/0/http://cdn.meme.am/instances/250x250/10179664.jpg,Y U No,http://webarchive.loc.gov/all/0/http://memegenerator.net/instance/10179664,aee4514f40b1e3ba63a0f3e70d56ef6a,36579,???????? ??? ?? ??? ??????????????,Y U No,????????,??? ?? ??? ??????????????,930,29
10179669,http://webarchive.loc.gov/all/0/http://cdn.meme.am/instances/250x250/10179669.jpg,Y U No,http://webarchive.loc.gov/all/0/http://memegenerator.net/instance/10179669,75e8077339be80d0061d2a68ec2da16e,36067,???????? ?????? ?? ??? ??????????????,Y U No,????????,?????? ?? ??? ??????????????,233,632
10179675,http://webarchive.loc.gov/all/0/http://cdn.meme.am/instances/250x250/10179675.jpg,Socially Awkward Penguin,http://webarchive.loc.gov/all/0/http://memegenerator.net/instance/10179675,5c92df57ab654e003306287add22cd74,37670,"???? ???? ?? ???????, ?????????",Socially Awkward Penguin,????-????,"?? ???????, ?????????",523,654
10179686,http://webarchive.loc.gov/all/0/http://cdn.meme.am/instances/250x250/10179686.jpg,Spongebob,http://memegenerator.net/instance/10179686,cd1b1fe86ee3c3a389e6933ee707ddad,33146,uh oh *squirt*,Spongebob,uh oh,*squirt*,431,551
10179689,http://webarchive.loc.gov/all/0/http://cdn.meme.am/instances/250x250/10179689.jpg,Advice Hitler,http://webarchive.loc.gov/all/0/http://memegenerator.net/instance/10179689,5ac6f29f69e831de41c135c6cd4f4902,40231,14/88 ?????? ?? ? ??????? ??????,Advice Hitler,14/88,?????? ?? ? ??????? ??????,340,382
10179690,http://webarchive.loc.gov/all/0/http://cdn.meme.am/instances/250x250/10179690.jpg,Y U No,http://webarchive.loc.gov/all/0/http://memegenerator.net/instance/10179690,75e8077339be80d0061d2a68ec2da16e,36067,???????? ?????? ?? ??? ??????????????,Y U No,????????,?????? ?? ??? ??????????????,419,45
10179725,http://webarchive.loc.gov/all/0/http://cdn.meme.am/instances/250x250/10179725.jpg,Forever Alone,http://webarchive.loc.gov/all/0/http://memegenerator.net/instance/10179725,e60230f2f86cc1643408da690f38fe2c,35171,?????? ?? ????? ????? ? ??????? ??????? ???,Forever Alone,?????? ?? ?????,????? ? ??????? ??????? ???,25,582
10179757,http://webarchive.loc.gov/all/0/http://cdn.meme.am/instances/250x250/10179757.jpg,Socially Awkward Penguin,http://webarchive.loc.gov/all/0/http://memegenerator.net/instance/10179757,d6ce66297b29e33b49741cd7dbbb65a7,43066,"????? ?? ?????? ???????? ??? ?? ????, ????? ????? ?? ?????",Socially Awkward Penguin,????? ?? ?????? ????????,"??? ?? ????, ????? ????? ?? ?????",586,937
10179769,http://webarchive.loc.gov/all/0/http://cdn.meme.am/instances/250x250/10179769.jpg,Annoying Facebook Girl,http://webarchive.loc.gov/all/0/http://memegenerator.net/instance/10179769,b02a580f26ca72e5f89f055eb28014b6,42994,? ????????? ????? ???????? ??????? ????,Annoying Facebook Girl,? ?????????,????? ???????? ??????? ????,710,786
10179775,http://webarchive.loc.gov/all/0/http://cdn.meme.am/instances/250x250/10179775.jpg,Socially Awkward Penguin,http://webarchive.loc.gov/all/0/http://memegenerator.net/instance/10179775,e3349c274b3cc215d8041750ea50e211,38868,????? ????? ?????? ????? ?? ????? ? ??????,Socially Awkward Penguin,????? ????? ??????,????? ?? ????? ? ??????,822,747
10179780,http://webarchive.loc.gov/all/0/http://cdn.meme.am/instances/250x250/10179780.jpg,Joseph Ducreux,http://webarchive.loc.gov/all/0/http://memegenerator.net/instance/10179780,21549ad35722dd162d435c61cb1acfc7,61200,"?????????? ??, ?????????.",Joseph Ducreux,??????????,"??, ?????????.",548,358
10179797,http://webarchive.loc.gov/all/0/http://cdn.meme.am/instances/250x250/10179797.jpg,Socially Awkward Penguin,http://webarchive.loc.gov/all/0/http://memegenerator.net/instance/10179797,d1f5ce767b30879b832bb05aebf685d8,38118,?????? ????? ????? ? ???? ??????? ???????,Socially Awkward Penguin,?????? ?????,????? ? ???? ??????? ???????,842,728
10179808,http://webarchive.loc.gov/all/0/http://cdn.meme.am/instances/250x250/10179808.jpg,Futurama Fry,http://webarchive.loc.gov/all/0/http://memegenerator.net/instance/10179808,e88f8155fb53901402fcf08d72fddc4a,48716,???? ? ??? ?? ? ??? ?????,Futurama Fry,???? ?,???-?? ? ??? ?????,64,339
10179853,http://webarchive.loc.gov/all/0/http://cdn.meme.am/instances/250x250/10179853.jpg,Success Kid,http://webarchive.loc.gov/all/0/http://memegenerator.net/instance/10179853,18f64a0361483dde1c41b18e1ec860b3,34491,?? ????? ?? ?????????,Success Kid,?? ?????,?? ?????????,487,184
10179878,http://webarchive.loc.gov/all/0/http://cdn.meme.am/instances/250x250/10179878.jpg,Success Kid,http://webarchive.loc.gov/all/0/http://memegenerator.net/instance/10179878,58241c0720a4b2f682f1ab8350530d8f,33222,?????? ???? ????????? ???? ??? ? ????!,Success Kid,?????? ???? ?????????,???? ??? ? ????!,456,68
10179892,http://webarchive.loc.gov/all/0/http://cdn.meme.am/instances/250x250/10179892.jpg,Success Kid,http://webarchive.loc.gov/all/0/http://memegenerator.net/instance/10179892,a1712c6a214de608da13c6cea6c19d36,33900,?????? ???? ????????? ???? ??? ? ?????????!,Success Kid,?????? ???? ?????????,???? ??? ? ?????????!,710,874
10179896,http://webarchive.loc.gov/all/0/http://cdn.meme.am/instances/250x250/10179896.jpg,Y U No,http://webarchive.loc.gov/all/0/http://memegenerator.net/instance/10179896,fe83dc7540cb504d84e6a230bdf8d80d,30834,?? ????? ????? ? ????? ???????? ???? ?? ???????????,Y U No,?? ????? ????? ? ????? ???????? ???? ?? ???????????,-,416,936
10179930,http://webarchive.loc.gov/all/0/http://cdn.meme.am/instances/250x250/10179930.jpg,Y U No,http://webarchive.loc.gov/all/0/http://memegenerator.net/instance/10179930,5230df02179945c6fe4c2f1f23c6979c,43906,?? ????? ????? ? ????? ???????? ???? ?? ???????? ???? ?????? ? ??? ????? ??? ????,Y U No,?? ????? ????? ? ????? ???????? ???? ?? ????????,???? ?????? ? ??? ????? ??? ???? ,683,852
10179959,http://webarchive.loc.gov/all/0/http://cdn.meme.am/instances/250x250/10179959.jpg,????? ??????!q,http://webarchive.loc.gov/all/0/http://memegenerator.net/instance/10179959,1b69a0188b6da02c69cebca475359e17,37070,???????????? ??????,????? ??????!q,???????????? ??????,-,964,988
10179968,http://webarchive.loc.gov/all/0/http://cdn.meme.am/instances/250x250/10179968.jpg,Y U No,http://webarchive.loc.gov/all/0/http://memegenerator.net/instance/10179968,b746b3d83994b6f45cb2e4738ad68b6f,35435,????? ?? ?????? ?? ????? ????? ????????,Y U No,?????,?? ?????? ?? ????? ????? ????????,539,340
10180094,http://webarchive.loc.gov/all/0/http://cdn.meme.am/instances/250x250/10180094.jpg,Joseph Ducreux,http://webarchive.loc.gov/all/0/http://memegenerator.net/instance/10180094,2d83ac22320c5cf295379bf32f5c4dc2,59536,kaname... s4 crashed umad?,Joseph Ducreux,kaname... s4 crashed,umad?,449,40
10180115,http://webarchive.loc.gov/all/0/http://cdn.meme.am/instances/250x250/10180115.jpg,Forever Alone,http://webarchive.loc.gov/all/0/http://memegenerator.net/instance/10180115,1d96ea4ba5b8391777edc1bd20bc0aa2,38703,???? ?????? ??? ????? ??????? ?? ??? ??????,Forever Alone,???? ?????? ??? ?????,??????? ?? ??? ??????,291,181
10180128,http://webarchive.loc.gov/all/0/http://cdn.meme.am/instances/250x250/10180128.jpg,Forever Alone,http://webarchive.loc.gov/all/0/http://memegenerator.net/instance/10180128,b96394166a8cc676dd378b7ce1471b39,38709,"????, ??????, ??? ????? ??????? ?? ??? ??????",Forever Alone,"????, ??????, ??? ?????",??????? ?? ??? ??????,243,341
10180141,http://webarchive.loc.gov/all/0/http://cdn.meme.am/instances/250x250/10180141.jpg,Socially Awkward Penguin,http://webarchive.loc.gov/all/0/http://memegenerator.net/instance/10180141,d2d3b23298e8ec2686b26ec79433c12a,37461,? ??????????? ??????? ???????? ??????? ????? ?? ????????? ?????????,Socially Awkward Penguin,? ??????????? ??????? ???????? ???????,????? ?? ????????? ?????????,398,655
10180153,http://webarchive.loc.gov/all/0/http://cdn.meme.am/instances/250x250/10180153.jpg,Forever Alone,http://webarchive.loc.gov/all/0/http://memegenerator.net/instance/10180153,b96394166a8cc676dd378b7ce1471b39,38709,"????, ??????, ??? ????? ??????? ?? ??? ??????",Forever Alone,"????, ??????, ??? ?????",??????? ?? ??? ??????,581,450
10180205,http://webarchive.loc.gov/all/0/http://cdn.meme.am/instances/250x250/10180205.jpg,Socially Awkward Penguin,http://webarchive.loc.gov/all/0/http://memegenerator.net/instance/10180205,64226531c6a2512247e33f3c3ce5fc58,44665,caminar en la calle que una amiga te grite: teni el cierre abajo,Socially Awkward Penguin,caminar en la calle,que una amiga te grite: teni el cierre abajo,89,357
10180234,http://webarchive.loc.gov/all/0/http://cdn.meme.am/instances/250x250/10180234.jpg,Annoying Facebook Girl,http://webarchive.loc.gov/all/0/http://memegenerator.net/instance/10180234,50b2aee530b345ea20df75423dd94428,40537,?? ?????? ????? !!,Annoying Facebook Girl,?? ??????,????? !!,804,304
10180235,http://webarchive.loc.gov/all/0/http://cdn.meme.am/instances/250x250/10180235.jpg,Success Kid,http://webarchive.loc.gov/all/0/http://memegenerator.net/instance/10180235,99932467252ca45d7da35b4aeef1352c,33751,"???? 55 ??? ??, ?? ??????",Success Kid,???? 55 ???,"??, ?? ??????",817,121
10180245,http://webarchive.loc.gov/all/0/http://cdn.meme.am/instances/250x250/10180245.jpg,Insanity Wolf,http://webarchive.loc.gov/all/0/http://memegenerator.net/instance/10180245,7a0980c99a6f7a408f986272264667f7,60486,?????? ??? ? ?? ???? ??????? ????????!!!1,Insanity Wolf,?????? ???,? ?? ???? ??????? ????????!!!1,407,68
10180250,http://webarchive.loc.gov/all/0/http://cdn.meme.am/instances/250x250/10180250.jpg,Futurama Fry,http://webarchive.loc.gov/all/0/http://memegenerator.net/instance/10180250,23eaf69cca2f7d950e0633baf2372abd,45820,"??????? ?????? ??????? ???, ???? ??????????",Futurama Fry,??????? ?????? ???????,"???, ???? ??????????",639,231
10180259,http://webarchive.loc.gov/all/0/http://cdn.meme.am/instances/250x250/10180259.jpg,Socially Awkward Penguin,http://webarchive.loc.gov/all/0/http://memegenerator.net/instance/10180259,d256526ca439288c6d3b3a373d492f5f,40879,"? ????????? ???????? ?????? ? ????????? ??????? ??????, ????? ????? ?? ??????",Socially Awkward Penguin,? ????????? ???????? ?????? ? ?????????,"??????? ??????, ????? ????? ?? ??????",34,775
10180274,http://webarchive.loc.gov/all/0/http://cdn.meme.am/instances/250x250/10180274.jpg,Insanity Wolf,http://webarchive.loc.gov/all/0/http://memegenerator.net/instance/10180274,19e38b9d7de50dd47fe7f705c90c4662,60731,?????? ??? ? ?? ???? ??????? ????????!!!1,Insanity Wolf,?????? ??? ? ?? ????,??????? ????????!!!1,400,640
10180335,http://webarchive.loc.gov/all/0/http://cdn.meme.am/instances/250x250/10180335.jpg,pupil56,http://webarchive.loc.gov/all/0/http://memegenerator.net/instance/10180335,7ad2b77c594d31e95ef593148f675f1d,51222,"???????? ??, ?? ?????? Moleskine",pupil56,"???????? ??, ?? ??????",Moleskine,328,512
10180354,http://webarchive.loc.gov/all/0/http://cdn.meme.am/instances/250x250/10180354.jpg,Omsk Crow,http://webarchive.loc.gov/all/0/http://memegenerator.net/instance/10180354,2b1a23209a8989974f2d52facd375726,87323,"????????, ???? ?????? ? ?????????? ?? ??????",Omsk Crow,"????????, ???? ?????? ? ??????????",?? ??????,839,69
10180365,http://webarchive.loc.gov/all/0/http://cdn.meme.am/instances/250x250/10180365.jpg,Insanity Wolf,http://webarchive.loc.gov/all/0/http://memegenerator.net/instance/10180365,32d868967946e4eda72718c2f6883bf9,65071,si tu hermano te dice que el viejo pascuero no existe toma los regalos meteselos en el horto y prendeles fuego,Insanity Wolf,si tu hermano te dice que el viejo pascuero no existe,toma los regalos meteselos en el horto y prendeles fuego,645,418
10180366,http://webarchive.loc.gov/all/0/http://cdn.meme.am/instances/250x250/10180366.jpg,Butthurt Dweller,http://webarchive.loc.gov/all/0/http://memegenerator.net/instance/10180366,9603d614652cc3daa4afbbb60e842b1b,49512,????? ???? ???????? ?? ?? ? ????? ?????????,Butthurt Dweller,????? ???? ????????,?? ?? ? ????? ?????????,283,925
10180403,http://webarchive.loc.gov/all/0/http://cdn.meme.am/instances/250x250/10180403.jpg,Insanity Wolf,http://webarchive.loc.gov/all/0/http://memegenerator.net/instance/10180403,ffae944688dd4377dbb4cfb3aac64385,60611,VER A UN WASHITURRO culiarlo y quemarlo hasta la muerte,Insanity Wolf,VER A UN WASHITURRO,culiarlo y quemarlo hasta la muerte,378,289
10180416,http://webarchive.loc.gov/all/0/http://cdn.meme.am/instances/250x250/10180416.jpg,Philosoraptor,http://webarchive.loc.gov/all/0/http://memegenerator.net/instance/10180416,0a055fa9fdb45011258647c54cad9dfd,54211,"? ???????????????????? ????????, ??????? 60 ??, 420000 ???????. ?? ????, ???? ???? ??????? ????? ??????????  16154 ?????? = 11 ?????, ?? ? ???? ?????? ??? ???????, ? ??????   ?? ??????? ???????",Philosoraptor,"? ???????????????????? ????????, ??????? 60 ??, 420000 ???????. ?? ????, ???? ???? ??????? ????? ?????????? ","16154 ?????? = 11 ?????, ?? ? ???? ?????? ??? ???????, ? ?????? - ?? ??????? ???????",476,769
10180418,http://webarchive.loc.gov/all/0/http://cdn.meme.am/instances/250x250/10180418.jpg,Philosoraptor,http://webarchive.loc.gov/all/0/http://memegenerator.net/instance/10180418,0a055fa9fdb45011258647c54cad9dfd,54211,"? ???????????????????? ????????, ??????? 60 ??, 420000 ???????. ?? ????, ???? ???? ??????? ????? ??????????  16154 ?????? = 11 ?????, ?? ? ???? ?????? ??? ???????, ? ??????   ?? ??????? ???????",Philosoraptor,"? ???????????????????? ????????, ??????? 60 ??, 420000 ???????. ?? ????, ???? ???? ??????? ????? ?????????? ","16154 ?????? = 11 ?????, ?? ? ???? ?????? ??? ???????, ? ?????? - ?? ??????? ???????",114,642
10180439,http://webarchive.loc.gov/all/0/http://cdn.meme.am/instances/250x250/10180439.jpg,Courage Wolf,http://webarchive.loc.gov/all/0/http://memegenerator.net/instance/10180439,4c1acce297efe276422c4369733a86a6,52951,? ????????? ? ???,Courage Wolf,? ?????????,? ???,651,371
10180447,http://webarchive.loc.gov/all/0/http://cdn.meme.am/instances/250x250/10180447.jpg,Y U No,http://webarchive.loc.gov/all/0/http://memegenerator.net/instance/10180447,5e633eb4f76a88919e69de59d9499822,36238,?????? ?? ?? ?????? ????????,Y U No,??????,?? ?? ?????? ????????,165,263
10180452,http://webarchive.loc.gov/all/0/http://cdn.meme.am/instances/250x250/10180452.jpg,Progressive Guitarist,http://webarchive.loc.gov/all/0/http://memegenerator.net/instance/10180452,a3659a98532816da4c3c2f447ea597b0,63428,"??????? ???, ???????? ??????? ????????? ???? ??? ? ????????????",Progressive Guitarist,"??????? ???, ???????? ??????? ????????? ???? ???",? ????????????,253,18
10180459,http://webarchive.loc.gov/all/0/http://cdn.meme.am/instances/250x250/10180459.jpg,Progressive Drummer,http://webarchive.loc.gov/all/0/http://memegenerator.net/instance/10180459,43ad06ad7dafe9dc1b03eb7065c79d45,71216,?????? ????? ?? ????????!,Progressive Drummer,?????? ?????,?? ????????!,104,130
10180480,http://webarchive.loc.gov/all/0/http://cdn.meme.am/instances/250x250/10180480.jpg,Advice Yoda Gives,http://webarchive.loc.gov/all/0/http://memegenerator.net/instance/10180480,377eaabf5c612a6f61d8fe34eb33ec51,39924,?? ???????? ?????? ????? ????????? ?? ????? ?? ?????? ?????? ??,Advice Yoda Gives,?? ???????? ?????? ?????,????????? ?? ????? ?? ?????? ?????? ??,324,14
10180484,http://webarchive.loc.gov/all/0/http://cdn.meme.am/instances/250x250/10180484.jpg,Hipster Kitty,http://webarchive.loc.gov/all/0/http://memegenerator.net/instance/10180484,8bbc79dcc0c4d4e873854672a9fa388b,39777,?????? ???! ? ????? ????!!!,Hipster Kitty,?????? ???! ? ????? ????!!!,-,393,39
10180485,http://webarchive.loc.gov/all/0/http://cdn.meme.am/instances/250x250/10180485.jpg,Futurama Fry,http://webarchive.loc.gov/all/0/http://memegenerator.net/instance/10180485,e60cef49846d128ea95b1bcf558ebd03,47082,?????? ????? ??????,Futurama Fry,?????? ?????,??????,385,13
10180496,http://webarchive.loc.gov/all/0/http://cdn.meme.am/instances/250x250/10180496.jpg,Consequences Toy Story,http://webarchive.loc.gov/all/0/http://memegenerator.net/instance/10180496,0e2783083bb26c44f8f2c690db5d3c44,58763,Microeconomia Microeconomia Everywhere,Consequences Toy Story,Microeconomia,Microeconomia Everywhere,724,822
10180501,http://webarchive.loc.gov/all/0/http://cdn.meme.am/instances/250x250/10180501.jpg,Advice Yoda Gives,http://webarchive.loc.gov/all/0/http://memegenerator.net/instance/10180501,ea4d8b924cf347af93a07f251f94b849,40756,?? ???????? ??????? ????? ????????? ?? ????? ?????? ??  ?????? ??,Advice Yoda Gives,?? ???????? ??????? ?????,????????? ?? ????? ?????? ??  ?????? ??,474,684
10180529,http://webarchive.loc.gov/all/0/http://cdn.meme.am/instances/250x250/10180529.jpg,Socially Awkward Penguin,http://webarchive.loc.gov/all/0/http://memegenerator.net/instance/10180529,84476e9cd12381495a3c7c91344526fa,41411,??? ??????? ?? ?????? ????? ??????,Socially Awkward Penguin,??? ??????? ?? ??????,????? ??????,512,81
10180567,http://webarchive.loc.gov/all/0/http://cdn.meme.am/instances/250x250/10180567.jpg,Socially Awkward Penguin,http://webarchive.loc.gov/all/0/http://memegenerator.net/instance/10180567,444477405cb399f0d38ad64769d459a2,37012,??? ??????? ??????????? ??????????,Socially Awkward Penguin,??? ???????,??????????? ??????????,781,107
10180582,http://webarchive.loc.gov/all/0/http://cdn.meme.am/instances/250x250/10180582.jpg,Y U No,http://webarchive.loc.gov/all/0/http://memegenerator.net/instance/10180582,3d8d0d61968c4d1d3a879dde15025915,32438,Y U No mE ETIQUETas,Y U No,Y U No,mE ETIQUETas,967,80
10180625,http://webarchive.loc.gov/all/0/http://cdn.meme.am/instances/250x250/10180625.jpg,Success Kid,http://webarchive.loc.gov/all/0/http://memegenerator.net/instance/10180625,cacd2db37a44a0d764ad443a7232a297,39265,?? ?????? ??? ?? ???? ? ?? ????? ??????? ???),Success Kid,?? ?????? ??? ?? ????,? ?? ????? ??????? ???) ,560,166
10180685,http://webarchive.loc.gov/all/0/http://cdn.meme.am/instances/250x250/10180685.jpg,Y U No,http://webarchive.loc.gov/all/0/http://memegenerator.net/instance/10180685,434330dbfbce2b588f166b4191a6b9ec,29465,CHEGa Bruna!,Y U No,-,CHEGa Bruna!,494,369
10180688,http://webarchive.loc.gov/all/0/http://cdn.meme.am/instances/250x250/10180688.jpg,Foul Bachelor Frog,http://webarchive.loc.gov/all/0/http://memegenerator.net/instance/10180688,f54327d627e8b724e2aaf3b232c339b7,43082,? ???????? ?? ??????  ????? ??????? ? ??? ??????,Foul Bachelor Frog,? ???????? ?? ?????? ,????? ??????? ? ??? ??????,981,56
10180704,http://webarchive.loc.gov/all/0/http://cdn.meme.am/instances/250x250/10180704.jpg,Foul Bachelor Frog,http://webarchive.loc.gov/all/0/http://memegenerator.net/instance/10180704,708fb0f529b11f89297e80f08c76b409,38915,? ???????? ?? ??????  ????? ??????????? ??????,Foul Bachelor Frog,? ???????? ?? ?????? ,????? ??????????? ??????,452,751
10180745,http://webarchive.loc.gov/all/0/http://cdn.meme.am/instances/250x250/10180745.jpg,Insanity Wolf,http://webarchive.loc.gov/all/0/http://memegenerator.net/instance/10180745,b5910227a71bab348a6339e93bc52380,60404,? ? ???????? ??? ?????? ?? ?????? ??? ???,Insanity Wolf,? ? ???????? ??? ??????,?? ?????? ??? ???,635,43
10180756,http://webarchive.loc.gov/all/0/http://cdn.meme.am/instances/250x250/10180756.jpg,Russian Boozer,http://webarchive.loc.gov/all/0/http://memegenerator.net/instance/10180756,32f77253951fc559045f54998fe3bcfe,87933,?????? ????  ??????? ?????? ? ?????),Russian Boozer,?????? ???? ,??????? ?????? ? ?????) ,186,333
10180775,http://webarchive.loc.gov/all/0/http://cdn.meme.am/instances/250x250/10180775.jpg,Joseph Ducreux,http://webarchive.loc.gov/all/0/http://memegenerator.net/instance/10180775,cbb6c0efef10de0e7591aaffd87e04b6,62104,?? ????? ?? ?? ???? ????????? 2 ??????,Joseph Ducreux,?? ????? ?? ?? ????,????????? 2 ??????,553,94
10180797,http://webarchive.loc.gov/all/0/http://cdn.meme.am/instances/250x250/10180797.jpg,Futurama Fry,http://webarchive.loc.gov/all/0/http://memegenerator.net/instance/10180797,1ddf2fe0fb40e55f89b7135d7c6bb917,46358,Not sure if xine still here,Futurama Fry,Not sure if,xine still here,848,824
10180822,http://webarchive.loc.gov/all/0/http://cdn.meme.am/instances/250x250/10180822.jpg,Philosoraptor,http://webarchive.loc.gov/all/0/http://memegenerator.net/instance/10180822,75f4abd9a8fc6a7cf76ce701a785966e,44691,??????? ?????? ????????? ?? 11 ?,Philosoraptor,??????? ?????? ?????????,?? 11 ?,999,925
10180846,http://webarchive.loc.gov/all/0/http://cdn.meme.am/instances/250x250/10180846.jpg,Y U No,http://webarchive.loc.gov/all/0/http://memegenerator.net/instance/10180846,1faf52a402f5499344b1e646e4e6774b,39813,?????? ????? ? ?????????????? ? ????? ?????? ??????? ? ?????? ????????? ????????,Y U No,?????? ????? ? ?????????????? ? ????? ?????? ???????,? ?????? ????????? ????????,275,606
10180864,http://webarchive.loc.gov/all/0/http://cdn.meme.am/instances/250x250/10180864.jpg,Spagetti,http://webarchive.loc.gov/all/0/http://memegenerator.net/instance/10180864,cfce5ed956d6f4122bcb17c0ba5e0356,40589,?? ???? ?? ????????? ???????? ???????? ??? ?? ?????,Spagetti,?? ???? ?? ????????? ???????? ????????,??? ?? ?????,427,491
10180929,http://webarchive.loc.gov/all/0/http://cdn.meme.am/instances/250x250/10180929.jpg,Y U No,http://webarchive.loc.gov/all/0/http://memegenerator.net/instance/10180929,f901e98be20c453412bc863f90d8cebc,37414,??? ????? ?? ????????? ?? ???????,Y U No,??? ????? ?? ?????????,?? ???????,193,298
10180937,http://webarchive.loc.gov/all/0/http://cdn.meme.am/instances/250x250/10180937.jpg,Consequences Toy Story,http://webarchive.loc.gov/all/0/http://memegenerator.net/instance/10180937,583c5d3e9c12552b4e990989667df021,59571,CHotadas Chotadas everywhere,Consequences Toy Story,CHotadas,Chotadas everywhere,99,920
10180986,http://webarchive.loc.gov/all/0/http://cdn.meme.am/instances/250x250/10180986.jpg,Y U No,http://webarchive.loc.gov/all/0/http://memegenerator.net/instance/10180986,ee611fded74a4acc75262d769f6e61da,42351,si google plus es ahora para todos por que me siguen apareciendo las invitaciones?,Y U No,si google plus es ahora para todos,por que me siguen apareciendo las invitaciones?,673,582
10181004,http://webarchive.loc.gov/all/0/http://cdn.meme.am/instances/250x250/10181004.jpg,Butthurt Dweller,http://webarchive.loc.gov/all/0/http://memegenerator.net/instance/10181004,471a2e32f2087ca9da349a5dee20daf7,50842,? ?? ?????? Wow ? ???? ?????? ????????? ?????...,Butthurt Dweller,? ?? ?????? Wow,? ???? ?????? ????????? ?????...,620,841
10181023,http://webarchive.loc.gov/all/0/http://cdn.meme.am/instances/250x250/10181023.jpg,Y U No,http://webarchive.loc.gov/all/0/http://memegenerator.net/instance/10181023,436a351174566ff1f06d31362d9cbc08,41750,POR QUE NO TE METES LA IMAGINACION POR EL CULO,Y U No,POR QUE NO TE METES LA,IMAGINACION POR EL CULO,887,865
10181044,http://webarchive.loc.gov/all/0/http://cdn.meme.am/instances/250x250/10181044.jpg,Annoying Facebook Girl,http://webarchive.loc.gov/all/0/http://memegenerator.net/instance/10181044,96486beb4c0bef920ff550a5234f75d1,36935,????? ? ??? ???? ???,Annoying Facebook Girl,????? ? ??? ???? ???,-,967,642
10181045,http://webarchive.loc.gov/all/0/http://cdn.meme.am/instances/250x250/10181045.jpg,Socially Awkward Penguin,http://webarchive.loc.gov/all/0/http://memegenerator.net/instance/10181045,83fad82643758da4d0d6b4c685bd7047,39427,??????? ???????? ???? ? ???????? ?????? ?????? ???? ??????,Socially Awkward Penguin,??????? ???????? ???? ? ????????,?????? ?????? ???? ??????,237,753
10181051,http://webarchive.loc.gov/all/0/http://cdn.meme.am/instances/250x250/10181051.jpg,Philosoraptor,http://webarchive.loc.gov/all/0/http://memegenerator.net/instance/10181051,19915cb6c1e09481a14a8c92f63f007b,49681,?????? ?? ???????  ??? ??????????,Philosoraptor,?????? ?? ??????? ,??? ??????????,325,158
10181084,http://webarchive.loc.gov/all/0/http://cdn.meme.am/instances/250x250/10181084.jpg,Futurama Fry,http://webarchive.loc.gov/all/0/http://memegenerator.net/instance/10181084,d8891259fd7f1a6a098755d395f5aff5,47251,MMMMM... NO SE QUE PREGUNTAR,Futurama Fry,MMMMM... NO SE,QUE PREGUNTAR,610,809
10181087,http://webarchive.loc.gov/all/0/http://cdn.meme.am/instances/250x250/10181087.jpg,Forever Alone,http://webarchive.loc.gov/all/0/http://memegenerator.net/instance/10181087,9414aeeae347d23355006a8a966ba4aa,37440,????? ?? ? ? wow ????? ??? ???? ?????? ?????...,Forever Alone,????? ?? ? ? wow,????? ??? ???? ?????? ?????...,521,935
10181100,http://webarchive.loc.gov/all/0/http://cdn.meme.am/instances/250x250/10181100.jpg,Foul Bachelor Frog,http://webarchive.loc.gov/all/0/http://memegenerator.net/instance/10181100,ee2e60a642b9dde9f6ce0719355490aa,39546,????? ??????? ???? ????? ???????,Foul Bachelor Frog,????? ??????? ???? ?????,???????,57,534
10181111,http://webarchive.loc.gov/all/0/http://cdn.meme.am/instances/250x250/10181111.jpg,Philosoraptor,http://webarchive.loc.gov/all/0/http://memegenerator.net/instance/10181111,70fede539572bb8224952193b3e809e4,47039,?????? ?? ??????? ??? ??????????,Philosoraptor,?????? ?? ???????,??? ??????????,97,838
10181120,http://webarchive.loc.gov/all/0/http://cdn.meme.am/instances/250x250/10181120.jpg,Futurama Fry,http://webarchive.loc.gov/all/0/http://memegenerator.net/instance/10181120,f83c373dca62806569ed11a2cb09c989,49779,Q MENTIRA TENDRA PENSADA DECIR ALARCON?,Futurama Fry,Q MENTIRA TENDRA PENSADA DECIR,ALARCON?,433,90
10181129,http://webarchive.loc.gov/all/0/http://cdn.meme.am/instances/250x250/10181129.jpg,Philosoraptor,http://webarchive.loc.gov/all/0/http://memegenerator.net/instance/10181129,71e48d72ef46ef56bcdd424fd3e53610,45937,??????? ????? ??????. ??? ?????? ????????? ?? ??????!,Philosoraptor,??????? ????? ??????.,??? ?????? ????????? ?? ??????!,620,963
10181139,http://webarchive.loc.gov/all/0/http://cdn.meme.am/instances/250x250/10181139.jpg,Advice God,http://webarchive.loc.gov/all/0/http://memegenerator.net/instance/10181139,e68799cc70c8d33f727761d1e09874f1,48815,"crear humanidad Woah, estos tipos apestan, mejor inundarlos",Advice God,crear humanidad,"Woah, estos tipos apestan, mejor inundarlos",950,938
10181145,http://webarchive.loc.gov/all/0/http://cdn.meme.am/instances/250x250/10181145.jpg,Foul Bachelor Frog,http://webarchive.loc.gov/all/0/http://memegenerator.net/instance/10181145,4dcb6bf3fd7ec72edb8fc5feb7524fae,39113,????? ?? ????  ????? ??? ????? ?? ?????? ???????,Foul Bachelor Frog,????? ?? ????  ????? ??? ?????,?? ?????? ???????,208,835
10181166,http://webarchive.loc.gov/all/0/http://cdn.meme.am/instances/250x250/10181166.jpg,The Most Interesting Man In The World,http://webarchive.loc.gov/all/0/http://memegenerator.net/instance/10181166,d26e77f796bae90b94b728661e8e59d2,58260,? ?????? ?????,The Most Interesting Man In The World,? ??????,?????,536,739
10181187,http://webarchive.loc.gov/all/0/http://cdn.meme.am/instances/250x250/10181187.jpg,Annoying Facebook Girl,http://webarchive.loc.gov/all/0/http://memegenerator.net/instance/10181187,6dcb58cefa544ba6e82752cdc59dab2f,40302,"?????? ??, ?? ???????",Annoying Facebook Girl,??????,"??, ?? ???????",16,689
10181216,http://webarchive.loc.gov/all/0/http://cdn.meme.am/instances/250x250/10181216.jpg,Good Guy Greg,http://webarchive.loc.gov/all/0/http://memegenerator.net/instance/10181216,fe2f6470f5c2a60f75c74ad0dfdbac76,51973,"? ???? ?????, ???? ????? ???????????",Good Guy Greg,"? ???? ?????,",???? ????? ???????????,154,503
10181223,http://webarchive.loc.gov/all/0/http://cdn.meme.am/instances/250x250/10181223.jpg,Philosoraptor,http://webarchive.loc.gov/all/0/http://memegenerator.net/instance/10181223,98a050ddac4e986ff910e7004ff17ad1,43478,???? ? ?? ???? ???????? ???? ? ??????????,Philosoraptor,???? ? ?? ???? ???????? ???? ? ??????????,-,227,689
10181236,http://webarchive.loc.gov/all/0/http://cdn.meme.am/instances/250x250/10181236.jpg,Philosoraptor,http://webarchive.loc.gov/all/0/http://memegenerator.net/instance/10181236,11b2d8e3ffa1b553cf7c83fe0dce3024,49623,???? ? ?? ???? ???????? ???? ? ?????? ?????????? ?? ? ???????? ? ?????????,Philosoraptor,???? ? ?? ???? ???????? ???? ? ?????? ??????????,?? ? ???????? ? ?????????,862,268
10181237,http://webarchive.loc.gov/all/0/http://cdn.meme.am/instances/250x250/10181237.jpg,Yo Dawg,http://webarchive.loc.gov/all/0/http://memegenerator.net/instance/10181237,5a0ce8924a1d86d546368b124efb38bd,46643,"?????, ????? ??? ?? ????????",Yo Dawg,"?????, ?????",??? ?? ????????,280,991
10181258,http://webarchive.loc.gov/all/0/http://cdn.meme.am/instances/250x250/10181258.jpg,Spongebob,http://webarchive.loc.gov/all/0/http://memegenerator.net/instance/10181258,173dc4d78e8a89319cb3ff5e4eaa294f,63697,?????????? ?????????? ???  ???????!,Spongebob,?????????? ??????????,???  ???????!,703,410
10181259,http://webarchive.loc.gov/all/0/http://cdn.meme.am/instances/250x250/10181259.jpg,Spongebob,http://webarchive.loc.gov/all/0/http://memegenerator.net/instance/10181259,173dc4d78e8a89319cb3ff5e4eaa294f,63697,?????????? ?????????? ???  ???????!,Spongebob,?????????? ??????????,???  ???????!,200,844
10181262,http://webarchive.loc.gov/all/0/http://cdn.meme.am/instances/250x250/10181262.jpg,Y U No,http://webarchive.loc.gov/all/0/http://memegenerator.net/instance/10181262,da7e7c61b282310518fa366b81205d3b,41112,por que chucha me siguen weando por esta carga,Y U No,por que chucha,me siguen weando por esta carga,766,936
10181293,http://webarchive.loc.gov/all/0/http://cdn.meme.am/instances/250x250/10181293.jpg,Philosoraptor,http://webarchive.loc.gov/all/0/http://memegenerator.net/instance/10181293,11b2d8e3ffa1b553cf7c83fe0dce3024,49623,???? ? ?? ???? ???????? ???? ? ?????? ?????????? ?? ? ???????? ? ?????????,Philosoraptor,???? ? ?? ???? ???????? ???? ? ?????? ??????????,?? ? ???????? ? ?????????,143,888
10181333,http://webarchive.loc.gov/all/0/http://cdn.meme.am/instances/250x250/10181333.jpg,Paranoid Parrot,http://webarchive.loc.gov/all/0/http://memegenerator.net/instance/10181333,b95c7476bb385345dc8997e3bb9b3fc1,54010,??????? ? ?????? ??????? ??? ?? ????? ??? ????? ??????,Paranoid Parrot,??????? ? ??????,??????? ??? ?? ????? ??? ????? ??????,216,468
10181405,http://webarchive.loc.gov/all/0/http://cdn.meme.am/instances/250x250/10181405.jpg,Advice Hitler,http://webarchive.loc.gov/all/0/http://memegenerator.net/instance/10181405,3f0888c0516cab9b629376bb62e2265b,38649,"??????? ? ?????, ???? ?????? ???? ?????? ?????? ??????",Advice Hitler,"??????? ? ?????, ???? ??????",???? ?????? ?????? ??????,12,882
10181435,http://webarchive.loc.gov/all/0/http://cdn.meme.am/instances/250x250/10181435.jpg,Victory Baby,http://webarchive.loc.gov/all/0/http://memegenerator.net/instance/10181435,82fb8a7afa20b25c8fdfe855085c2bde,53765,si ctm  mi papa se va,Victory Baby,si ctm ,mi papa se va ,440,401
10181451,http://webarchive.loc.gov/all/0/http://cdn.meme.am/instances/250x250/10181451.jpg,Caszely,http://webarchive.loc.gov/all/0/http://memegenerator.net/instance/10181451,5109e81e4846585a4f7ae2005a77f4fc,80167,"con el foro nuevo se olvidan de las runas por bug, tiaras 3 sock y el penal",Caszely,con el foro nuevo,"se olvidan de las runas por bug, tiaras 3 sock y el penal",795,309
10181468,http://webarchive.loc.gov/all/0/http://cdn.meme.am/instances/250x250/10181468.jpg,Y U No,http://webarchive.loc.gov/all/0/http://memegenerator.net/instance/10181468,06d369461a5de54d9cb7f37d9bb14708,38050,Y LOS COMENTARIOS!! DONDE ESTÁN LOS COMENTARIOS!!!!,Y U No,Y LOS COMENTARIOS!!,DONDE ESTÁN LOS COMENTARIOS!!!!,293,926
10181480,http://webarchive.loc.gov/all/0/http://cdn.meme.am/instances/250x250/10181480.jpg,Y U No,http://webarchive.loc.gov/all/0/http://memegenerator.net/instance/10181480,78982b1c6b274449775712d3339efd42,38917,Y LOS COMENTARIOS!! DONDE ESTÁN LOS COMENTARIOS!!!!,Y U No,Y LOS COMENTARIOS!!,DONDE ESTÁN LOS COMENTARIOS!!!!,28,536
10181492,http://webarchive.loc.gov/all/0/http://cdn.meme.am/instances/250x250/10181492.jpg,Y U No,http://webarchive.loc.gov/all/0/http://memegenerator.net/instance/10181492,45153555f012ab4641538049de4062e6,36969,Mamá Porque no me crees que no tengo tarea,Y U No,Mamá,Porque no me crees que no tengo tarea,545,341
10181515,http://webarchive.loc.gov/all/0/http://cdn.meme.am/instances/250x250/10181515.jpg,Y U No,http://webarchive.loc.gov/all/0/http://memegenerator.net/instance/10181515,2458ac653b59298380d0eb89dc4e8c0b,37513,Mamá ¿Porque no me crees que no tengo tarea?,Y U No,Mamá,¿Porque no me crees que no tengo tarea?,586,147
10181521,http://webarchive.loc.gov/all/0/http://cdn.meme.am/instances/250x250/10181521.jpg,Y U No,http://webarchive.loc.gov/all/0/http://memegenerator.net/instance/10181521,2458ac653b59298380d0eb89dc4e8c0b,37513,Mamá ¿Porque no me crees que no tengo tarea?,Y U No,Mamá,¿Porque no me crees que no tengo tarea?,82,978
10181523,http://webarchive.loc.gov/all/0/http://cdn.meme.am/instances/250x250/10181523.jpg,Science Cat,http://webarchive.loc.gov/all/0/http://memegenerator.net/instance/10181523,74d8e130db9b4575e2ba0129c70c1100,65039,TAREA DE BIOQUIMICA? facil,Science Cat,TAREA DE BIOQUIMICA?,facil,294,653
10181536,http://webarchive.loc.gov/all/0/http://cdn.meme.am/instances/250x250/10181536.jpg,Insanity Wolf,http://webarchive.loc.gov/all/0/http://memegenerator.net/instance/10181536,a4d3cdc08df142f780432e104c51f820,62281,alguien le pega a la maria teresa  pegale con un martillo en la cara al ctm,Insanity Wolf,alguien le pega a la maria teresa ,pegale con un martillo en la cara al ctm,769,136
10181558,http://webarchive.loc.gov/all/0/http://cdn.meme.am/instances/250x250/10181558.jpg,Y U No,http://webarchive.loc.gov/all/0/http://memegenerator.net/instance/10181558,ec88b659795bb78b02fa16c65d0a89e6,38942,tanto te gusta el pico  maraca ql!,Y U No,tanto te gusta el pico, maraca ql!,830,10
10181587,http://webarchive.loc.gov/all/0/http://cdn.meme.am/instances/250x250/10181587.jpg,Y U No,http://webarchive.loc.gov/all/0/http://memegenerator.net/instance/10181587,2a8bff26209a5434e0d8b7fccd610852,28496,teste teste,Y U No,teste,teste,920,884
10181615,http://webarchive.loc.gov/all/0/http://cdn.meme.am/instances/250x250/10181615.jpg,Vengeance Dad,http://webarchive.loc.gov/all/0/http://memegenerator.net/instance/10181615,038ca5caff4b608814f4bd5c7d50a3cd,67895,DOPO 7 ANNI DI CARCERE MI HA MOLLATO,Vengeance Dad,DOPO 7 ANNI DI CARCERE,MI HA MOLLATO,519,38
10181679,http://webarchive.loc.gov/all/0/http://cdn.meme.am/instances/250x250/10181679.jpg,Y U No,http://webarchive.loc.gov/all/0/http://memegenerator.net/instance/10181679,cc869db1ac91f7f5b979b3d91beda912,41095,Por que no echaron A cosme? por queeeee?,Y U No,Por que no echaron A cosme?,por queeeee?,115,82
10181681,http://webarchive.loc.gov/all/0/http://cdn.meme.am/instances/250x250/10181681.jpg,Spongebob Face,http://webarchive.loc.gov/all/0/http://memegenerator.net/instance/10181681,00c55a4e244917dd3c3d8815b11aa9b9,52511,xavi cara de pete,Spongebob Face,xavi,cara de pete,520,899
10181713,http://webarchive.loc.gov/all/0/http://cdn.meme.am/instances/250x250/10181713.jpg,Futurama Fry,http://webarchive.loc.gov/all/0/http://memegenerator.net/instance/10181713,6ad6cbe503c931947bfe0408d6816703,48523,NO ESTOY SEGURO SI ES UN TOPO... ...U HORACIO CASTILLO.,Futurama Fry,NO ESTOY SEGURO SI ES UN TOPO...,...U HORACIO CASTILLO.,94,641
10181731,http://webarchive.loc.gov/all/0/http://cdn.meme.am/instances/250x250/10181731.jpg,Russian Boozer,http://webarchive.loc.gov/all/0/http://memegenerator.net/instance/10181731,2a586a389260ebd3e752e0c2237c3d41,87946,"?? ??? ? ????????,????? ????? ?????? ???? ???? ?? ?....?????????? ?? ???????",Russian Boozer,"?? ??? ? ????????,????? ????? ?????? ???? ????",?? ?....?????????? ?? ???????,898,123
10181748,http://webarchive.loc.gov/all/0/http://cdn.meme.am/instances/250x250/10181748.jpg,Insanity Wolf,http://webarchive.loc.gov/all/0/http://memegenerator.net/instance/10181748,128985bf4c4fa333eb155c24cfb7c74c,62319,alguien le golpea a la maria teresa  golpealo en la cabeza con un palo,Insanity Wolf,alguien le golpea a la maria teresa ,golpealo en la cabeza con un palo,860,686
10181756,http://webarchive.loc.gov/all/0/http://cdn.meme.am/instances/250x250/10181756.jpg,Futurama Fry,http://webarchive.loc.gov/all/0/http://memegenerator.net/instance/10181756,ab955ff0519583fe35f5046499f41b44,50937,cristian weon  no te veo toy volao,Futurama Fry,cristian weon ,no te veo toy volao,993,709
10181785,http://webarchive.loc.gov/all/0/https://cdn.meme.am/instances/250x250/10181785.jpg,Advice God,http://memegenerator.net/instance/10181785,7fa78a2f96cc2eecab6bd224b0bc90d3,50161,Animals not smart enough to believe in me Deny them entrance into heaven anyway,Advice God,Animals not smart enough to believe in me,Deny them entrance into heaven anyway,302,522
10181923,http://webarchive.loc.gov/all/0/http://cdn.meme.am/instances/250x250/10181923.jpg,Wrong Lyrics Christina Aguilera,http://memegenerator.net/instance/10181923,4ca169d53c5f734fcb1362e1b6d83eda,44728,we found love in a hooker's face,Wrong Lyrics Christina Aguilera,we found love,in a hooker's face,691,664
10182002,http://webarchive.loc.gov/all/0/http://cdn.meme.am/instances/250x250/10182002.jpg,Patrick,http://webarchive.loc.gov/all/0/http://memegenerator.net/instance/10182002,367add05814a1ec79476a7760200d21f,64972,????? ?  ???????,Patrick,????? ? ,??????? ,53,939
10182047,http://webarchive.loc.gov/all/0/http://cdn.meme.am/instances/250x250/10182047.jpg,Success Kid,http://webarchive.loc.gov/all/0/http://memegenerator.net/instance/10182047,b646af741b4bc46d308cda8ff7b2859b,33226,???????? ?????? ? ?????????,Success Kid,???????? ??????,? ?????????,631,312
10182068,http://webarchive.loc.gov/all/0/http://cdn.meme.am/instances/250x250/10182068.jpg,Omsk Crow,http://webarchive.loc.gov/all/0/http://memegenerator.net/instance/10182068,4e2d30f9dd14463b371d0d471749b795,87216,????? ?? ??? ???? ??? ??????????,Omsk Crow,????? ?? ??? ????,??? ??????????,21,723
,,,,,,,,,,,
